INSERT INTO "User" ("googleAccountId", "name", "cpf", "phone", "email", "type", "picture") VALUES
-- CUSTOMERS
('1000000000000001', 'Ana Santos', '012.345.678-90', '68999999999', 'ana.santos@exemplo.com', 'CUSTOMER', 'https://example.com/pic1.jpg'),
('1000000000000002', 'João Silva', '123.456.789-01', '68888888888', 'joao.silva@exemplo.com', 'CUSTOMER', 'https://example.com/pic2.jpg'),
('1000000000000003', 'Maria Oliveira', '234.567.890-12', '68777777777', 'maria.oliveira@exemplo.com', 'CUSTOMER', 'https://example.com/pic3.jpg'),


--ADMIN
-- 4 ADMINS
('1000000000000010', 'Roberto Sousa', '901.234.567-89', '68000000000', 'roberto.sousa@exemplo.com', 'ADMIN', 'https://example.com/pic10.jpg'),
('1000000000000011', 'Patrícia Gomes', '012.345.678-91', '67999999999', 'patricia.gomes@exemplo.com', 'ADMIN', 'https://example.com/pic11.jpg'),
('1000000000000012', 'Marcos Oliveira', '123.456.789-02', '67888888888', 'marcos.oliveira@exemplo.com', 'ADMIN', 'https://example.com/pic12.jpg'),
('1000000000000013', 'Beatriz Lima', '234.567.890-13', '67777777777', 'beatriz.lima@exemplo.com', 'ADMIN', 'https://example.com/pic13.jpg'),


--BARBERS
-- AC
('1000000000000004', 'Carlos Almeida', '345.678.901-23', '68666666666', 'carlos.almeida@exemplo.com', 'BARBER', 'https://example.com/pic4.jpg'),
('1000000000000005', 'Fernanda Costa', '263.856.990-99', '68555555555', 'fernanda.costa@exemplo.com', 'BARBER', 'https://example.com/pic5.jpg'),
('1000000000000006', 'Ricardo Lima', '505.990.160-27', '68444444444', 'ricardo.lima@exemplo.com', 'BARBER', 'https://example.com/pic6.jpg'),
('1000000000000007', 'Juliana Pereira', '678.901.234-56', '68333333333', 'juliana.pereira@exemplo.com', 'BARBER', 'https://example.com/pic7.jpg'),
('1000000000000008', 'Pedro Fernandes', '789.012.345-67', '68222222222', 'pedro.fernandes@exemplo.com', 'BARBER', 'https://example.com/pic8.jpg'),

-- AL
('2000000000000004', 'Lucas Pereira', '654.321.098-33', '82666666666', 'lucas.pereira@exemplo.com', 'BARBER', 'https://example.com/pic4.jpg'),
('2000000000000005', 'Aline Lima', '543.210.987-44', '82555555555', 'aline.lima@exemplo.com', 'BARBER', 'https://example.com/pic5.jpg'),
('2000000000000006', 'Mateus Oliveira', '432.109.876-55', '82444444444', 'mateus.oliveira@exemplo.com', 'BARBER', 'https://example.com/pic6.jpg'),
('2000000000000007', 'Juliana Costa', '321.098.765-66', '82333333333', 'juliana.costa@exemplo.com', 'BARBER', 'https://example.com/pic7.jpg'),
('2000000000000008', 'Ricardo Gomes', '210.987.654-77', '82222222222', 'ricardo.gomes@exemplo.com', 'BARBER', 'https://example.com/pic8.jpg'),
('2000000000000009', 'Simone Santos', '109.876.543-88', '82111111111', 'simone.santos@exemplo.com', 'BARBER', 'https://example.com/pic9.jpg'),

-- AP
('3000000000000004', 'Gabriel Almeida', '234.567.890-33', '92666666666', 'gabriel.almeida@exemplo.com', 'BARBER', 'https://example.com/pic4.jpg'),
('3000000000000005', 'Amanda Lima', '123.456.789-44', '92555555555', 'amanda.lima@exemplo.com', 'BARBER', 'https://example.com/pic5.jpg'),
('3000000000000006', 'Bruno Ferreira', '012.345.678-55', '92444444444', 'bruno.ferreira@exemplo.com', 'BARBER', 'https://example.com/pic6.jpg'),
('3000000000000007', 'Camila Pereira', '890.123.456-66', '92333333333', 'camila.pereira@exemplo.com', 'BARBER', 'https://example.com/pic7.jpg'),
('3000000000000008', 'Thiago Santos', '789.012.345-77', '92222222222', 'thiago.santos@exemplo.com', 'BARBER', 'https://example.com/pic8.jpg'),
('3000000000000009', 'Juliana Almeida', '678.901.234-88', '92111111111', 'juliana.almeida@exemplo.com', 'BARBER', 'https://example.com/pic9.jpg'),

-- AM
('4000000000000004', 'Carlos Lima', '345.678.901-33', '96055667788', 'carlos.lima@exemplo.com', 'BARBER', 'https://example.com/pic4.jpg'),
('4000000000000005', 'Mariana Silva', '234.567.890-44', '96122334455', 'mariana.silva@exemplo.com', 'BARBER', 'https://example.com/pic5.jpg'),
('4000000000000006', 'Rafael Costa', '123.456.789-55', '96033445566', 'rafael.costa@exemplo.com', 'BARBER', 'https://example.com/pic6.jpg'),
('4000000000000007', 'Gabriela Pereira', '012.345.678-66', '96145566777', 'gabriela.pereira@exemplo.com', 'BARBER', 'https://example.com/pic7.jpg'),
('4000000000000008', 'Felipe Santos', '890.123.456-77', '96056677888', 'felipe.santos@exemplo.com', 'BARBER', 'https://example.com/pic8.jpg'),
('4000000000000009', 'Beatriz Almeida', '789.012.345-88', '96167788999', 'beatriz.almeida@exemplo.com', 'BARBER', 'https://example.com/pic9.jpg'),

-- BA
('5000000000000004', 'João Oliveira', '323.467.690-96', '71866666666', 'joao.oliveira@exemplo.com', 'BARBER', 'https://example.com/pic4.jpg'),
('5000000000000005', 'Beatriz Almeida', '592.774.590-34', '71955555555', 'bez.almeida@exemplo.com', 'BARBER', 'https://example.com/pic5.jpg'),
('5000000000000006', 'Thiago Santos', '340.841.180-87', '71844444444', 'thiaguinho.santos@exemplo.com', 'BARBER', 'https://example.com/pic6.jpg'),
('5000000000000007', 'Gabriela Silva', '709.895.920-06', '71933333333', 'gabriela.silva@exemplo.com', 'BARBER', 'https://example.com/pic7.jpg'),
('5000000000000008', 'Carlos Costa', '431.428.680-62', '71822222222', 'carlos.costa@exemplo.com', 'BARBER', 'https://example.com/pic8.jpg'),
('5000000000000009', 'Juliana Pereira', '536.735.470-03', '71911111111', 'juju.pereira@exemplo.com', 'BARBER', 'https://example.com/pic9.jpg'),

-- CE
('6000000000000004', 'Roberto Lima', '843.163.900-82', '85866666666', 'roberto.lima@exemplo.com', 'BARBER', 'https://example.com/pic4.jpg'),
('6000000000000005', 'Beatriz Santos', '890.123.456-45', '85955555555', 'beatriz.santos@exemplo.com', 'BARBER', 'https://example.com/pic5.jpg'),
('6000000000000006', 'Ricardo Silva', '901.234.567-56', '85844444444', 'ricardo.silva@exemplo.com', 'BARBER', 'https://example.com/pic6.jpg'),
('6000000000000007', 'Camila Fernandes', '012.345.678-67', '85933333333', 'camila.fernandes@exemplo.com', 'BARBER', 'https://example.com/pic7.jpg'),
('6000000000000008', 'Tiago Almeida', '123.456.789-78', '85822222222', 'tiago.almeida@exemplo.com', 'BARBER', 'https://example.com/pic8.jpg'),
('6000000000000009', 'Amanda Rocha', '234.567.890-89', '85911111111', 'amanda.rocha@exemplo.com', 'BARBER', 'https://example.com/pic9.jpg'),

-- DF
('7000000000000004', 'Eduardo Silva', '456.789.012-34', '61866666666', 'eduardo.silva@exemplo.com', 'BARBER', 'https://example.com/pic4.jpg'),
('7000000000000005', 'Sofia Almeida', '567.890.123-45', '61955555555', 'sofia.almeida@exemplo.com', 'BARBER', 'https://example.com/pic5.jpg'),
('7000000000000006', 'Bruno Oliveira', '805.724.700-29', '61844444444', 'bruno.oliveira@exemplo.com', 'BARBER', 'https://example.com/pic6.jpg'),
('7000000000000007', 'Laura Pereira', '392.168.150-27', '61933333333', 'laura.pereira@exemplo.com', 'BARBER', 'https://example.com/pic7.jpg'),
('7000000000000008', 'André Rocha', '890.123.456-78', '61822222222', 'andre.rocha@exemplo.com', 'BARBER', 'https://example.com/pic8.jpg'),
('7000000000000009', 'Camila Fernandes', '988.601.010-00', '61911111111', 'camis.fernandes@exemplo.com', 'BARBER', 'https://example.com/pic9.jpg'),

-- ES
('8000000000000004', 'Rafael Pereira', '789.012.345-34', '27866666666', 'rafael.pereira@exemplo.com', 'BARBER', 'https://example.com/pic4.jpg'),
('8000000000000005', 'Camila Costa', '010.677.520-05', '27955555555', 'camila.costa@exemplo.com', 'BARBER', 'https://example.com/pic5.jpg'),
('8000000000000006', 'Felipe Martins', '879.342.990-87', '27844444444', 'felipe.martins@exemplo.com', 'BARBER', 'https://example.com/pic6.jpg'),
('8000000000000007', 'Mariana Silva', '198.322.540-19', '27933333333', 'mari.silva@exemplo.com', 'BARBER', 'https://example.com/pic7.jpg'),
('8000000000000008', 'Lucas Santos', '435.375.210-30', '27822222222', 'lucas.santos@exemplo.com', 'BARBER', 'https://example.com/pic8.jpg'),
('8000000000000009', 'Letícia Almeida', '991.837.670-88', '27911111111', 'leticia.almeida@exemplo.com', 'BARBER', 'https://example.com/pic9.jpg'),

-- GO
('9000000000000004', 'Carla Pereira', '890.123.456-34', '62866666666', 'carla.pereira@exemplo.com', 'BARBER', 'https://example.com/pic4.jpg'),
('9000000000000005', 'Thiago Silva', '901.234.567-45', '62955555555', 'thiago.silva@exemplo.com', 'BARBER', 'https://example.com/pic5.jpg'),
('9000000000000006', 'Marta Costa', '012.345.678-56', '62844444444', 'marta.costa@exemplo.com', 'BARBER', 'https://example.com/pic6.jpg'),
('9000000000000007', 'Andreia Souza', '123.456.789-67', '62933333333', 'andreia.souza@exemplo.com', 'BARBER', 'https://example.com/pic7.jpg'),
('9000000000000008', 'Rodrigo Almeida', '234.567.890-78', '62822222222', 'rodrigo.almeida@exemplo.com', 'BARBER', 'https://example.com/pic8.jpg'),
('9000000000000009', 'Lais Lima', '345.678.901-89', '62911111111', 'lais.lima@exemplo.com', 'BARBER', 'https://example.com/pic9.jpg');



INSERT INTO "City" ("name", "stateId") VALUES
-- Acre (AC)
('Rio Branco', (SELECT "id" FROM "State" WHERE "abbreviation" = 'AC')),
('Cruzeiro do Sul', (SELECT "id" FROM "State" WHERE "abbreviation" = 'AC')),

-- Alagoas (AL)
('Maceió', (SELECT "id" FROM "State" WHERE "abbreviation" = 'AL')),
('Arapiraca', (SELECT "id" FROM "State" WHERE "abbreviation" = 'AL')),

-- Amapá (AP)
('Macapá', (SELECT "id" FROM "State" WHERE "abbreviation" = 'AP')),
('Santana', (SELECT "id" FROM "State" WHERE "abbreviation" = 'AP')),

-- Amazonas (AM)
('Manaus', (SELECT "id" FROM "State" WHERE "abbreviation" = 'AM')),
('Parintins', (SELECT "id" FROM "State" WHERE "abbreviation" = 'AM')),

-- Bahia (BA)
('Salvador', (SELECT "id" FROM "State" WHERE "abbreviation" = 'BA')),
('Feira de Santana', (SELECT "id" FROM "State" WHERE "abbreviation" = 'BA')),

-- Ceará (CE)
('Fortaleza', (SELECT "id" FROM "State" WHERE "abbreviation" = 'CE')),
('Juazeiro do Norte', (SELECT "id" FROM "State" WHERE "abbreviation" = 'CE')),

-- Distrito Federal (DF)
('Brasília', (SELECT "id" FROM "State" WHERE "abbreviation" = 'DF')),

-- Espírito Santo (ES)
('Vitória', (SELECT "id" FROM "State" WHERE "abbreviation" = 'ES')),
('Vila Velha', (SELECT "id" FROM "State" WHERE "abbreviation" = 'ES')),

-- Goiás (GO)
('Goiânia', (SELECT "id" FROM "State" WHERE "abbreviation" = 'GO')),
('Anápolis', (SELECT "id" FROM "State" WHERE "abbreviation" = 'GO')),
('Aparecida de Goiânia', (SELECT "id" FROM "State" WHERE "abbreviation" = 'GO'));


INSERT INTO "BarbershopAddress" ("street", "number", "neighborhood", "zipcode", "cityId") VALUES
-- Acre (AC)
('Rua Marechal Deodoro', '123', 'Centro', '69900-000', (SELECT "id" FROM "City" WHERE "name" = 'Rio Branco')),
('Rua Quintino Bocaiúva', '89', 'Centro', '69940-000', (SELECT "id" FROM "City" WHERE "name" = 'Rio Branco')),

('Avenida Rodrigues Alves', '45', 'Centro', '69980-000', (SELECT "id" FROM "City" WHERE "name" = 'Cruzeiro do Sul')),
('Avenida Avelino Leal', '234', 'Centro', '69970-000', (SELECT "id" FROM "City" WHERE "name" = 'Cruzeiro do Sul')),

-- Alagoas (AL)
('Avenida Fernandes Lima', '1234', 'Farol', '57055-000', (SELECT "id" FROM "City" WHERE "name" = 'Maceió')),
('Rua do Comércio', '567', 'Centro', '57020-000', (SELECT "id" FROM "City" WHERE "name" = 'Maceió')),
('Avenida Álvaro Otacílio', '789', 'Ponta Verde', '57035-180', (SELECT "id" FROM "City" WHERE "name" = 'Arapiraca')),
('Rua do Sol', '234', 'Centro', '57300-000', (SELECT "id" FROM "City" WHERE "name" = 'Arapiraca')),

-- Amapá (AP)
('Avenida FAB', '123', 'Centro', '68900-073', (SELECT "id" FROM "City" WHERE "name" = 'Macapá')),
('Rua Cândido Mendes', '456', 'Centro', '68900-030', (SELECT "id" FROM "City" WHERE "name" = 'Macapá')),
('Avenida Padre Júlio Maria Lombaerd', '789', 'Santa Rita', '68900-120', (SELECT "id" FROM "City" WHERE "name" = 'Santana')),
('Rua Salvador Diniz', '123', 'Centro', '68925-000', (SELECT "id" FROM "City" WHERE "name" = 'Santana')),

-- Amazonas (AM)
('Avenida Eduardo Ribeiro', '123', 'Centro', '69010-001', (SELECT "id" FROM "City" WHERE "name" = 'Manaus')),
('Rua Leonardo Malcher', '456', 'Centro', '69010-170', (SELECT "id" FROM "City" WHERE "name" = 'Manaus')),
('Avenida Djalma Batista', '789', 'Chapada', '69050-010', (SELECT "id" FROM "City" WHERE "name" = 'Parintins')),
('Avenida Amazonas', '123', 'Centro', '69151-000', (SELECT "id" FROM "City" WHERE "name" = 'Parintins')),

-- Bahia (BA)
('Avenida Sete de Setembro', '123', 'Centro', '40060-000', (SELECT "id" FROM "City" WHERE "name" = 'Salvador')),
('Rua Carlos Gomes', '456', 'Centro', '40060-330', (SELECT "id" FROM "City" WHERE "name" = 'Salvador')),
('Avenida Tancredo Neves', '789', 'Caminho das Árvores', '41820-020', (SELECT "id" FROM "City" WHERE "name" = 'Feira de Santana')),
('Rua Marechal Deodoro', '123', 'Centro', '44001-970', (SELECT "id" FROM "City" WHERE "name" = 'Feira de Santana')),

-- Ceará (CE)
('Avenida Beira Mar', '123', 'Meireles', '60165-120', (SELECT "id" FROM "City" WHERE "name" = 'Fortaleza')),
('Rua Barão de Studart', '456', 'Aldeota', '60120-000', (SELECT "id" FROM "City" WHERE "name" = 'Fortaleza')),
('Avenida Santos Dumont', '789', 'Aldeota', '60150-161', (SELECT "id" FROM "City" WHERE "name" = 'Fortaleza')),
('Rua São Paulo', '123', 'Centro', '63010-300', (SELECT "id" FROM "City" WHERE "name" = 'Juazeiro do Norte')),
('Rua José Avelino', '789', 'Centro', '63010-300', (SELECT "id" FROM "City" WHERE "name" = 'Juazeiro do Norte')),

-- Distrito Federal (DF)
('Eixo Monumental', '123', 'Zona Cívico-Administrativa', '70070-300', (SELECT "id" FROM "City" WHERE "name" = 'Brasília')),
('SDS Bloco A', '456', 'Setor Comercial Sul', '70392-900', (SELECT "id" FROM "City" WHERE "name" = 'Brasília')),

-- Espírito Santo (ES)
('Avenida Jerônimo Monteiro', '123', 'Centro', '29010-001', (SELECT "id" FROM "City" WHERE "name" = 'Vitória')),
('Rua da Grécia', '456', 'Centro', '29015-510', (SELECT "id" FROM "City" WHERE "name" = 'Vitória')),
('Avenida Nossa Senhora da Penha', '789', 'Santa Lúcia', '29056-250', (SELECT "id" FROM "City" WHERE "name" = 'Vila Velha')),
('Avenida Champagnat', '123', 'Praia da Costa', '29101-200', (SELECT "id" FROM "City" WHERE "name" = 'Vila Velha')),

-- Goiás (GO)
('Avenida Anhanguera', '123', 'Centro', '74043-010', (SELECT "id" FROM "City" WHERE "name" = 'Goiânia')),
('Avenida 85', '456', 'Setor Sul', '74080-010', (SELECT "id" FROM "City" WHERE "name" = 'Goiânia')),
('Rua 4', '789', 'Setor Oeste', '74110-140', (SELECT "id" FROM "City" WHERE "name" = 'Anápolis')),
('Rua Santa Luzia', '123', 'Centro', '74500-970', (SELECT "id" FROM "City" WHERE "name" = 'Aparecida de Goiânia'));


-- CUSTOMERS



-- ADMINS
INSERT INTO "Admin" ("userId") VALUES
((SELECT "id" FROM "User" WHERE "googleAccountId" = '1000000000000010')),
((SELECT "id" FROM "User" WHERE "googleAccountId" = '1000000000000011')),
((SELECT "id" FROM "User" WHERE "googleAccountId" = '1000000000000012')),
((SELECT "id" FROM "User" WHERE "googleAccountId" = '1000000000000013'));


-- BARBERSHOPS
-- Acre (AC)
INSERT INTO "Barbershop" ("name", "phone", "cnpj", "addressId", "adminId") VALUES
('Barbearia Acre 1', '69900000000', '66163787000110',
 (SELECT "id" FROM "BarbershopAddress" WHERE "street" = 'Rua Marechal Deodoro' AND "number" = '123' AND "cityId" = (SELECT "id" FROM "City" WHERE "name" = 'Rio Branco')),
 (SELECT "id" FROM "User" WHERE "googleAccountId" = '1000000000000010')),

('Barbearia Acre 3', '69900000002', '12345678000133',
 (SELECT "id" FROM "BarbershopAddress" WHERE "street" = 'Rua Quintino Bocaiúva' AND "number" = '89' AND "cityId" = (SELECT "id" FROM "City" WHERE "name" = 'Rio Branco')),
 (SELECT "id" FROM "User" WHERE "googleAccountId" = '1000000000000012')),

 ('Barbearia Acre 2', '69900000001', '85292709000160',
 (SELECT "id" FROM "BarbershopAddress" WHERE "street" = 'Avenida Rodrigues Alves' AND "number" = '45' AND "cityId" = (SELECT "id" FROM "City" WHERE "name" = 'Cruzeiro do Sul')),
 (SELECT "id" FROM "User" WHERE "googleAccountId" = '1000000000000011')),

('Barbearia Acre 4', '69900000003', '12345678000144',
 (SELECT "id" FROM "BarbershopAddress" WHERE "street" = 'Avenida Avelino Leal' AND "number" = '234' AND "cityId" = (SELECT "id" FROM "City" WHERE "name" = 'Cruzeiro do Sul')),
 (SELECT "id" FROM "User" WHERE "googleAccountId" = '1000000000000013')),

-- AL
('Barbearia Alagoas 1', '5705500000', '22345678000111',
 (SELECT "id" FROM "BarbershopAddress" WHERE "street" = 'Avenida Fernandes Lima' AND "number" = '1234' AND "cityId" = (SELECT "id" FROM "City" WHERE "name" = 'Maceió')),
 (SELECT "id" FROM "User" WHERE "googleAccountId" = '1000000000000010')),

('Barbearia Alagoas 2', '5705500001', '22345678000122',
 (SELECT "id" FROM "BarbershopAddress" WHERE "street" = 'Rua do Comércio' AND "number" = '567' AND "cityId" = (SELECT "id" FROM "City" WHERE "name" = 'Maceió')),
 (SELECT "id" FROM "User" WHERE "googleAccountId" = '1000000000000010')),

('Barbearia Alagoas 3', '5705500002', '22345678000133',
 (SELECT "id" FROM "BarbershopAddress" WHERE "street" = 'Avenida Álvaro Otacílio' AND "number" = '789' AND "cityId" = (SELECT "id" FROM "City" WHERE "name" = 'Arapiraca')),
 (SELECT "id" FROM "User" WHERE "googleAccountId" = '1000000000000010')),

('Barbearia Alagoas 4', '5705500003', '22345678000144',
 (SELECT "id" FROM "BarbershopAddress" WHERE "street" = 'Rua do Sol' AND "number" = '234' AND "cityId" = (SELECT "id" FROM "City" WHERE "name" = 'Arapiraca')),
 (SELECT "id" FROM "User" WHERE "googleAccountId" = '1000000000000010')),


-- Amapá (AP)
('Barbearia Amapá 1', '6890000730', '32345678000111',
 (SELECT "id" FROM "BarbershopAddress" WHERE "street" = 'Avenida FAB' AND "number" = '123' AND "cityId" = (SELECT "id" FROM "City" WHERE "name" = 'Macapá')),
 (SELECT "id" FROM "User" WHERE "googleAccountId" = '1000000000000010')),

('Barbearia Amapá 2', '6890000731', '32345678000122',
 (SELECT "id" FROM "BarbershopAddress" WHERE "street" = 'Rua Cândido Mendes' AND "number" = '456' AND "cityId" = (SELECT "id" FROM "City" WHERE "name" = 'Macapá')),
 (SELECT "id" FROM "User" WHERE "googleAccountId" = '1000000000000010')),

('Barbearia Amapá 3', '6890000732', '32345678000133',
 (SELECT "id" FROM "BarbershopAddress" WHERE "street" = 'Avenida Padre Júlio Maria Lombaerd' AND "number" = '789' AND "cityId" = (SELECT "id" FROM "City" WHERE "name" = 'Santana')),
 (SELECT "id" FROM "User" WHERE "googleAccountId" = '1000000000000012')),

('Barbearia Amapá 4', '6890000733', '32345678000144',
 (SELECT "id" FROM "BarbershopAddress" WHERE "street" = 'Rua Salvador Diniz' AND "number" = '123' AND "cityId" = (SELECT "id" FROM "City" WHERE "name" = 'Santana')),
 (SELECT "id" FROM "User" WHERE "googleAccountId" = '1000000000000011')),


-- Amazonas (AM)
('Barbearia Amazonas 1', '6901000010', '42345678000111',
 (SELECT "id" FROM "BarbershopAddress" WHERE "street" = 'Avenida Eduardo Ribeiro' AND "number" = '123' AND "cityId" = (SELECT "id" FROM "City" WHERE "name" = 'Manaus')),
 (SELECT "id" FROM "User" WHERE "googleAccountId" = '1000000000000013')),

('Barbearia Amazonas 2', '6901000011', '42345678000122',
 (SELECT "id" FROM "BarbershopAddress" WHERE "street" = 'Rua Leonardo Malcher' AND "number" = '456' AND "cityId" = (SELECT "id" FROM "City" WHERE "name" = 'Manaus')),
 (SELECT "id" FROM "User" WHERE "googleAccountId" = '1000000000000013')),

('Barbearia Amazonas 3', '6901000012', '42345678000133',
 (SELECT "id" FROM "BarbershopAddress" WHERE "street" = 'Avenida Djalma Batista' AND "number" = '789' AND "cityId" = (SELECT "id" FROM "City" WHERE "name" = 'Parintins')),
 (SELECT "id" FROM "User" WHERE "googleAccountId" = '1000000000000013')),

('Barbearia Amazonas 4', '6901000013', '42345678000144',
 (SELECT "id" FROM "BarbershopAddress" WHERE "street" = 'Avenida Amazonas' AND "number" = '123' AND "cityId" = (SELECT "id" FROM "City" WHERE "name" = 'Parintins')),
 (SELECT "id" FROM "User" WHERE "googleAccountId" = '1000000000000013')),


 -- Bahia (BA)
('Barbearia Bahia 1', '4006000000', '52345678000111',
 (SELECT "id" FROM "BarbershopAddress" WHERE "street" = 'Avenida Sete de Setembro' AND "number" = '123' AND "cityId" = (SELECT "id" FROM "City" WHERE "name" = 'Salvador')),
 (SELECT "id" FROM "User" WHERE "googleAccountId" = '1000000000000011')),

('Barbearia Bahia 2', '4006000001', '52345678000122',
 (SELECT "id" FROM "BarbershopAddress" WHERE "street" = 'Rua Carlos Gomes' AND "number" = '456' AND "cityId" = (SELECT "id" FROM "City" WHERE "name" = 'Salvador')),
 (SELECT "id" FROM "User" WHERE "googleAccountId" = '1000000000000011')),

('Barbearia Bahia 3', '4006000002', '52345678000133',
 (SELECT "id" FROM "BarbershopAddress" WHERE "street" = 'Avenida Tancredo Neves' AND "number" = '789' AND "cityId" = (SELECT "id" FROM "City" WHERE "name" = 'Feira de Santana')),
 (SELECT "id" FROM "User" WHERE "googleAccountId" = '1000000000000012')),

('Barbearia Bahia 4', '4006000003', '52345678000144',
 (SELECT "id" FROM "BarbershopAddress" WHERE "street" = 'Rua Marechal Deodoro' AND "number" = '123' AND "cityId" = (SELECT "id" FROM "City" WHERE "name" = 'Feira de Santana')),
 (SELECT "id" FROM "User" WHERE "googleAccountId" = '1000000000000012')),


-- Ceará (CE)
('Barbearia Ceará 1', '8590000000', '62345678006511',
 (SELECT "id" FROM "BarbershopAddress" WHERE "street" = 'Avenida Beira Mar' AND "number" = '123' AND "cityId" = (SELECT "id" FROM "City" WHERE "name" = 'Fortaleza')),
 (SELECT "id" FROM "User" WHERE "googleAccountId" = '1000000000000012')),

('Barbearia Ceará 2', '8590000001', '62340318000122',
 (SELECT "id" FROM "BarbershopAddress" WHERE "street" = 'Rua Barão de Studart' AND "number" = '456' AND "cityId" = (SELECT "id" FROM "City" WHERE "name" = 'Fortaleza')),
 (SELECT "id" FROM "User" WHERE "googleAccountId" = '1000000000000013')),

 ('Barbearia Ceará 4', '8590000003', '62345678000144',
 (SELECT "id" FROM "BarbershopAddress" WHERE "street" = 'Avenida Santos Dumont' AND "number" = '789' AND "cityId" = (SELECT "id" FROM "City" WHERE "name" = 'Fortaleza')),
 (SELECT "id" FROM "User" WHERE "googleAccountId" = '1000000000000013')),

('Barbearia Ceará 3', '8590000002', '62345678000133',
 (SELECT "id" FROM "BarbershopAddress" WHERE "street" = 'Rua José Avelino' AND "number" = '789' AND "cityId" = (SELECT "id" FROM "City" WHERE "name" = 'Juazeiro do Norte')),
 (SELECT "id" FROM "User" WHERE "googleAccountId" = '1000000000000011')),

('Barbearia Ceará 5', '8590000004', '62345678000155',
 (SELECT "id" FROM "BarbershopAddress" WHERE "street" = 'Rua São Paulo' AND "number" = '123' AND "cityId" = (SELECT "id" FROM "City" WHERE "name" = 'Juazeiro do Norte')),
 (SELECT "id" FROM "User" WHERE "googleAccountId" = '1000000000000012')),


-- Brasília (DF)
('Barbearia Brasília 1', '6100000000', '62345678000111',
 (SELECT "id" FROM "BarbershopAddress" WHERE "street" = 'Eixo Monumental' AND "number" = '123' AND "cityId" = (SELECT "id" FROM "City" WHERE "name" = 'Brasília')),
 (SELECT "id" FROM "User" WHERE "googleAccountId" = '1000000000000012')),

('Barbearia Brasília 2', '6100000001', '62345678000122',
 (SELECT "id" FROM "BarbershopAddress" WHERE "street" = 'SDS Bloco A' AND "number" = '456' AND "cityId" = (SELECT "id" FROM "City" WHERE "name" = 'Brasília')),
 (SELECT "id" FROM "User" WHERE "googleAccountId" = '1000000000000012')),


-- Espírito Santo (ES)
('Barbearia Vitória 1', '27999999999', '12345678000111',
 (SELECT "id" FROM "BarbershopAddress" WHERE "street" = 'Avenida Jerônimo Monteiro' AND "number" = '123' AND "cityId" = (SELECT "id" FROM "City" WHERE "name" = 'Vitória')),
 (SELECT "id" FROM "User" WHERE "googleAccountId" = '1000000000000013')),

('Barbearia Vitória 2', '27999999988', '12345678000122',
 (SELECT "id" FROM "BarbershopAddress" WHERE "street" = 'Rua da Grécia' AND "number" = '456' AND "cityId" = (SELECT "id" FROM "City" WHERE "name" = 'Vitória')),
 (SELECT "id" FROM "User" WHERE "googleAccountId" = '1000000000000013')),

('Barbearia Vila Velha 1', '27999999977', '06625791000121',
 (SELECT "id" FROM "BarbershopAddress" WHERE "street" = 'Avenida Nossa Senhora da Penha' AND "number" = '789' AND "cityId" = (SELECT "id" FROM "City" WHERE "name" = 'Vila Velha')),
 (SELECT "id" FROM "User" WHERE "googleAccountId" = '1000000000000013')),

('Barbearia Vila Velha 2', '27999999966', '80873344000144',
 (SELECT "id" FROM "BarbershopAddress" WHERE "street" = 'Avenida Champagnat' AND "number" = '123' AND "cityId" = (SELECT "id" FROM "City" WHERE "name" = 'Vila Velha')),
 (SELECT "id" FROM "User" WHERE "googleAccountId" = '1000000000000011')),


-- Goiás (GO)
('Barbearia Goiânia 1', '62999999999', '23456789000111',
 (SELECT "id" FROM "BarbershopAddress" WHERE "street" = 'Avenida Anhanguera' AND "number" = '123' AND "cityId" = (SELECT "id" FROM "City" WHERE "name" = 'Goiânia')),
 (SELECT "id" FROM "User" WHERE "googleAccountId" = '1000000000000010')),

('Barbearia Goiânia 2', '62999999988', '23456789000122',
 (SELECT "id" FROM "BarbershopAddress" WHERE "street" = 'Avenida 85' AND "number" = '456' AND "cityId" = (SELECT "id" FROM "City" WHERE "name" = 'Goiânia')),
 (SELECT "id" FROM "User" WHERE "googleAccountId" = '1000000000000013')),

('Barbearia Aparecida de Goiânia 1', '62999999977', '23456789000133',
 (SELECT "id" FROM "BarbershopAddress" WHERE "street" = 'Rua Santa Luzia' AND "number" = '123' AND "cityId" = (SELECT "id" FROM "City" WHERE "name" = 'Aparecida de Goiânia')),
 (SELECT "id" FROM "User" WHERE "googleAccountId" = '1000000000000012')),

('Barbearia Anápolis 1', '62999999966', '23456789000144',
 (SELECT "id" FROM "BarbershopAddress" WHERE "street" = 'Rua 4' AND "number" = '789' AND "cityId" = (SELECT "id" FROM "City" WHERE "name" = 'Anápolis')),
 (SELECT "id" FROM "User" WHERE "googleAccountId" = '1000000000000011'));



-- BARBERS
-- Acre (AC)
INSERT INTO "Barber" ("userId", "barbershopId") VALUES
((SELECT "id" FROM "User" WHERE "googleAccountId" = '1000000000000004'), (SELECT "id" FROM "Barbershop" WHERE "name" = 'Barbearia Acre 1')),
((SELECT "id" FROM "User" WHERE "googleAccountId" = '1000000000000005'), (SELECT "id" FROM "Barbershop" WHERE "name" = 'Barbearia Acre 3')),
((SELECT "id" FROM "User" WHERE "googleAccountId" = '1000000000000006'), (SELECT "id" FROM "Barbershop" WHERE "name" = 'Barbearia Acre 2')),
((SELECT "id" FROM "User" WHERE "googleAccountId" = '1000000000000007'), (SELECT "id" FROM "Barbershop" WHERE "name" = 'Barbearia Acre 4')),
((SELECT "id" FROM "User" WHERE "googleAccountId" = '1000000000000008'), (SELECT "id" FROM "Barbershop" WHERE "name" = 'Barbearia Acre 4'));

-- Alagoas (AL)
INSERT INTO "Barber" ("userId", "barbershopId") VALUES
((SELECT "id" FROM "User" WHERE "googleAccountId" = '2000000000000004'), (SELECT "id" FROM "Barbershop" WHERE "name" = 'Barbearia Alagoas 1')),
((SELECT "id" FROM "User" WHERE "googleAccountId" = '2000000000000005'), (SELECT "id" FROM "Barbershop" WHERE "name" = 'Barbearia Alagoas 2')),
((SELECT "id" FROM "User" WHERE "googleAccountId" = '2000000000000006'), (SELECT "id" FROM "Barbershop" WHERE "name" = 'Barbearia Alagoas 3')),
((SELECT "id" FROM "User" WHERE "googleAccountId" = '2000000000000007'), (SELECT "id" FROM "Barbershop" WHERE "name" = 'Barbearia Alagoas 4')),
((SELECT "id" FROM "User" WHERE "googleAccountId" = '2000000000000008'), (SELECT "id" FROM "Barbershop" WHERE "name" = 'Barbearia Alagoas 1')),
((SELECT "id" FROM "User" WHERE "googleAccountId" = '2000000000000009'), (SELECT "id" FROM "Barbershop" WHERE "name" = 'Barbearia Alagoas 3'));

-- Amapá (AP)
INSERT INTO "Barber" ("userId", "barbershopId") VALUES
((SELECT "id" FROM "User" WHERE "googleAccountId" = '3000000000000004'), (SELECT "id" FROM "Barbershop" WHERE "name" = 'Barbearia Amapá 1')),
((SELECT "id" FROM "User" WHERE "googleAccountId" = '3000000000000005'), (SELECT "id" FROM "Barbershop" WHERE "name" = 'Barbearia Amapá 2')),
((SELECT "id" FROM "User" WHERE "googleAccountId" = '3000000000000006'), (SELECT "id" FROM "Barbershop" WHERE "name" = 'Barbearia Amapá 3')),
((SELECT "id" FROM "User" WHERE "googleAccountId" = '3000000000000007'), (SELECT "id" FROM "Barbershop" WHERE "name" = 'Barbearia Amapá 4')),
((SELECT "id" FROM "User" WHERE "googleAccountId" = '3000000000000008'), (SELECT "id" FROM "Barbershop" WHERE "name" = 'Barbearia Amapá 2')),
((SELECT "id" FROM "User" WHERE "googleAccountId" = '3000000000000009'), (SELECT "id" FROM "Barbershop" WHERE "name" = 'Barbearia Amapá 1'));

-- Amazonas (AM)
INSERT INTO "Barber" ("userId", "barbershopId") VALUES
((SELECT "id" FROM "User" WHERE "googleAccountId" = '4000000000000004'), (SELECT "id" FROM "Barbershop" WHERE "name" = 'Barbearia Amazonas 1')),
((SELECT "id" FROM "User" WHERE "googleAccountId" = '4000000000000005'), (SELECT "id" FROM "Barbershop" WHERE "name" = 'Barbearia Amazonas 2')),
((SELECT "id" FROM "User" WHERE "googleAccountId" = '4000000000000006'), (SELECT "id" FROM "Barbershop" WHERE "name" = 'Barbearia Amazonas 3')),
((SELECT "id" FROM "User" WHERE "googleAccountId" = '4000000000000007'), (SELECT "id" FROM "Barbershop" WHERE "name" = 'Barbearia Amazonas 4')),
((SELECT "id" FROM "User" WHERE "googleAccountId" = '4000000000000008'), (SELECT "id" FROM "Barbershop" WHERE "name" = 'Barbearia Amazonas 3')),
((SELECT "id" FROM "User" WHERE "googleAccountId" = '4000000000000009'), (SELECT "id" FROM "Barbershop" WHERE "name" = 'Barbearia Amazonas 1'));

-- Bahia (BA)
INSERT INTO "Barber" ("userId", "barbershopId") VALUES
((SELECT "id" FROM "User" WHERE "googleAccountId" = '5000000000000004'), (SELECT "id" FROM "Barbershop" WHERE "name" = 'Barbearia Bahia 1')),
((SELECT "id" FROM "User" WHERE "googleAccountId" = '5000000000000005'), (SELECT "id" FROM "Barbershop" WHERE "name" = 'Barbearia Bahia 2')),
((SELECT "id" FROM "User" WHERE "googleAccountId" = '5000000000000006'), (SELECT "id" FROM "Barbershop" WHERE "name" = 'Barbearia Bahia 3')),
((SELECT "id" FROM "User" WHERE "googleAccountId" = '5000000000000007'), (SELECT "id" FROM "Barbershop" WHERE "name" = 'Barbearia Bahia 4')),
((SELECT "id" FROM "User" WHERE "googleAccountId" = '5000000000000008'), (SELECT "id" FROM "Barbershop" WHERE "name" = 'Barbearia Bahia 2')),
((SELECT "id" FROM "User" WHERE "googleAccountId" = '5000000000000009'), (SELECT "id" FROM "Barbershop" WHERE "name" = 'Barbearia Bahia 3'));

-- Ceará (CE)
INSERT INTO "Barber" ("userId", "barbershopId") VALUES
((SELECT "id" FROM "User" WHERE "googleAccountId" = '6000000000000004'), (SELECT "id" FROM "Barbershop" WHERE "name" = 'Barbearia Ceará 1')),
((SELECT "id" FROM "User" WHERE "googleAccountId" = '6000000000000005'), (SELECT "id" FROM "Barbershop" WHERE "name" = 'Barbearia Ceará 2')),
((SELECT "id" FROM "User" WHERE "googleAccountId" = '6000000000000006'), (SELECT "id" FROM "Barbershop" WHERE "name" = 'Barbearia Ceará 3')),
((SELECT "id" FROM "User" WHERE "googleAccountId" = '6000000000000007'), (SELECT "id" FROM "Barbershop" WHERE "name" = 'Barbearia Ceará 4')),
((SELECT "id" FROM "User" WHERE "googleAccountId" = '6000000000000008'), (SELECT "id" FROM "Barbershop" WHERE "name" = 'Barbearia Ceará 5')),
((SELECT "id" FROM "User" WHERE "googleAccountId" = '6000000000000009'), (SELECT "id" FROM "Barbershop" WHERE "name" = 'Barbearia Ceará 5'));

-- Brasília (DF)
INSERT INTO "Barber" ("userId", "barbershopId") VALUES
((SELECT "id" FROM "User" WHERE "googleAccountId" = '7000000000000004'), (SELECT "id" FROM "Barbershop" WHERE "name" = 'Barbearia Brasília 1')),
((SELECT "id" FROM "User" WHERE "googleAccountId" = '7000000000000005'), (SELECT "id" FROM "Barbershop" WHERE "name" = 'Barbearia Brasília 2')),
((SELECT "id" FROM "User" WHERE "googleAccountId" = '7000000000000006'), (SELECT "id" FROM "Barbershop" WHERE "name" = 'Barbearia Brasília 1')),
((SELECT "id" FROM "User" WHERE "googleAccountId" = '7000000000000007'), (SELECT "id" FROM "Barbershop" WHERE "name" = 'Barbearia Brasília 2')),
((SELECT "id" FROM "User" WHERE "googleAccountId" = '7000000000000008'), (SELECT "id" FROM "Barbershop" WHERE "name" = 'Barbearia Brasília 1')),
((SELECT "id" FROM "User" WHERE "googleAccountId" = '7000000000000009'), (SELECT "id" FROM "Barbershop" WHERE "name" = 'Barbearia Brasília 2'));

-- Espírito Santo (ES)
INSERT INTO "Barber" ("userId", "barbershopId") VALUES
((SELECT "id" FROM "User" WHERE "googleAccountId" = '8000000000000004'), (SELECT "id" FROM "Barbershop" WHERE "name" = 'Barbearia Vitória 1')),
((SELECT "id" FROM "User" WHERE "googleAccountId" = '8000000000000005'), (SELECT "id" FROM "Barbershop" WHERE "name" = 'Barbearia Vitória 2')),
((SELECT "id" FROM "User" WHERE "googleAccountId" = '8000000000000006'), (SELECT "id" FROM "Barbershop" WHERE "name" = 'Barbearia Vila Velha 1')),
((SELECT "id" FROM "User" WHERE "googleAccountId" = '8000000000000007'), (SELECT "id" FROM "Barbershop" WHERE "name" = 'Barbearia Vila Velha 2')),
((SELECT "id" FROM "User" WHERE "googleAccountId" = '8000000000000008'), (SELECT "id" FROM "Barbershop" WHERE "name" = 'Barbearia Vitória 1')),
((SELECT "id" FROM "User" WHERE "googleAccountId" = '8000000000000009'), (SELECT "id" FROM "Barbershop" WHERE "name" = 'Barbearia Vitória 2'));

-- Goiás (GO)
INSERT INTO "Barber" ("userId", "barbershopId") VALUES
((SELECT "id" FROM "User" WHERE "googleAccountId" = '9000000000000004'), (SELECT "id" FROM "Barbershop" WHERE "name" = 'Barbearia Goiânia 1')),
((SELECT "id" FROM "User" WHERE "googleAccountId" = '9000000000000005'), (SELECT "id" FROM "Barbershop" WHERE "name" = 'Barbearia Goiânia 2')),
((SELECT "id" FROM "User" WHERE "googleAccountId" = '9000000000000006'), (SELECT "id" FROM "Barbershop" WHERE "name" = 'Barbearia Aparecida de Goiânia 1')),
((SELECT "id" FROM "User" WHERE "googleAccountId" = '9000000000000007'), (SELECT "id" FROM "Barbershop" WHERE "name" = 'Barbearia Anápolis 1')),
((SELECT "id" FROM "User" WHERE "googleAccountId" = '9000000000000008'), (SELECT "id" FROM "Barbershop" WHERE "name" = 'Barbearia Goiânia 2')),
((SELECT "id" FROM "User" WHERE "googleAccountId" = '9000000000000009'), (SELECT "id" FROM "Barbershop" WHERE "name" = 'Barbearia Goiânia 2'));


-- BARBERSHOP SERVICES
DO $$
DECLARE
  acre_1 INT;
  acre_2 INT;
  acre_3 INT;
  acre_4 INT;
  alagoas_1 INT;
  alagoas_2 INT;
  alagoas_3 INT;
  alagoas_4 INT;
  amapa_1 INT;
  amapa_2 INT;
  amapa_3 INT;
  amapa_4 INT;
  amazonas_1 INT;
  amazonas_2 INT;
  amazonas_3 INT;
  amazonas_4 INT;
  bahia_1 INT;
  bahia_2 INT;
  bahia_3 INT;
  bahia_4 INT;
  ceara_1 INT;
  ceara_2 INT;
  ceara_3 INT;
  ceara_4 INT;
  ceara_5 INT;
  brasilia_1 INT;
  brasilia_2 INT;
  vitoria_1 INT;
  vitoria_2 INT;
  vila_velha_1 INT;
  vila_velha_2 INT;
  goiania_1 INT;
  goiania_2 INT;
  ap_goiania_1 INT;
  anapolis_1 INT;
BEGIN
    SELECT "id" INTO acre_1 FROM "Barbershop" WHERE "name" = 'Barbearia Acre 1';
    SELECT "id" INTO acre_2 FROM "Barbershop" WHERE "name" = 'Barbearia Acre 2';
    SELECT "id" INTO acre_3 FROM "Barbershop" WHERE "name" = 'Barbearia Acre 3';
    SELECT "id" INTO acre_4 FROM "Barbershop" WHERE "name" = 'Barbearia Acre 4';
    SELECT "id" INTO alagoas_1 FROM "Barbershop" WHERE "name" = 'Barbearia Alagoas 1';
    SELECT "id" INTO alagoas_2 FROM "Barbershop" WHERE "name" = 'Barbearia Alagoas 2';
    SELECT "id" INTO alagoas_3 FROM "Barbershop" WHERE "name" = 'Barbearia Alagoas 3';
    SELECT "id" INTO alagoas_4 FROM "Barbershop" WHERE "name" = 'Barbearia Alagoas 4';
    SELECT "id" INTO amapa_1 FROM "Barbershop" WHERE "name" = 'Barbearia Amapá 1';
    SELECT "id" INTO amapa_2 FROM "Barbershop" WHERE "name" = 'Barbearia Amapá 2';
    SELECT "id" INTO amapa_3 FROM "Barbershop" WHERE "name" = 'Barbearia Amapá 3';
    SELECT "id" INTO amapa_4 FROM "Barbershop" WHERE "name" = 'Barbearia Amapá 4';
    SELECT "id" INTO amazonas_1 FROM "Barbershop" WHERE "name" = 'Barbearia Amazonas 1';
    SELECT "id" INTO amazonas_2 FROM "Barbershop" WHERE "name" = 'Barbearia Amazonas 2';
    SELECT "id" INTO amazonas_3 FROM "Barbershop" WHERE "name" = 'Barbearia Amazonas 3';
    SELECT "id" INTO amazonas_4 FROM "Barbershop" WHERE "name" = 'Barbearia Amazonas 4';
    SELECT "id" INTO bahia_1 FROM "Barbershop" WHERE "name" = 'Barbearia Bahia 1';
    SELECT "id" INTO bahia_2 FROM "Barbershop" WHERE "name" = 'Barbearia Bahia 2';
    SELECT "id" INTO bahia_3 FROM "Barbershop" WHERE "name" = 'Barbearia Bahia 3';
    SELECT "id" INTO bahia_4 FROM "Barbershop" WHERE "name" = 'Barbearia Bahia 4';
    SELECT "id" INTO ceara_1 FROM "Barbershop" WHERE "name" = 'Barbearia Ceará 1';
    SELECT "id" INTO ceara_2 FROM "Barbershop" WHERE "name" = 'Barbearia Ceará 2';
    SELECT "id" INTO ceara_3 FROM "Barbershop" WHERE "name" = 'Barbearia Ceará 3';
    SELECT "id" INTO ceara_4 FROM "Barbershop" WHERE "name" = 'Barbearia Ceará 4';
    SELECT "id" INTO ceara_5 FROM "Barbershop" WHERE "name" = 'Barbearia Ceará 5';
    SELECT "id" INTO brasilia_1 FROM "Barbershop" WHERE "name" = 'Barbearia Brasília 1';
    SELECT "id" INTO brasilia_2 FROM "Barbershop" WHERE "name" = 'Barbearia Brasília 2';
    SELECT "id" INTO vitoria_1 FROM "Barbershop" WHERE "name" = 'Barbearia Vitória 1';
    SELECT "id" INTO vitoria_2 FROM "Barbershop" WHERE "name" = 'Barbearia Vitória 2';
    SELECT "id" INTO vila_velha_1 FROM "Barbershop" WHERE "name" = 'Barbearia Vila Velha 1';
    SELECT "id" INTO vila_velha_2 FROM "Barbershop" WHERE "name" = 'Barbearia Vila Velha 2';
    SELECT "id" INTO goiania_1 FROM "Barbershop" WHERE "name" = 'Barbearia Goiânia 1';
    SELECT "id" INTO goiania_2 FROM "Barbershop" WHERE "name" = 'Barbearia Goiânia 2';
    SELECT "id" INTO ap_goiania_1 FROM "Barbershop" WHERE "name" = 'Barbearia Aparecida de Goiânia 1';
    SELECT "id" INTO anapolis_1 FROM "Barbershop" WHERE "name" = 'Barbearia Anápolis 1';

    INSERT INTO "BarbershopServices" ("name", "price", "duration", "barbershopId") VALUES
    -- AC
    ('Corte de Cabelo', 50.00, '00:30:00', acre_1),
    ('Barba', 30.00, '00:20:00', acre_1),
    ('Sobrancelha', 25.00, '00:15:00', acre_1),
    ('Luzes', 120.00, '01:00:00', acre_1),
    ('Tratamento Capilar', 100.00, '00:45:00', acre_1),
    ('Hidratação', 80.00, '00:40:00', acre_1),
    ('Pintura', 150.00, '01:30:00', acre_1),
    ('Relaxamento', 110.00, '01:00:00', acre_1),
    ('Alisamento', 130.00, '01:30:00', acre_1),
    ('Design de Barba', 50.00, '00:30:00', acre_1),

    ('Corte de Cabelo', 50.00, '00:30:00', acre_2),
    ('Barba', 30.00, '00:20:00', acre_2),
    ('Sobrancelha', 25.00, '00:15:00', acre_2),
    ('Luzes', 120.00, '01:00:00', acre_2),
    ('Tratamento Capilar', 100.00, '00:45:00', acre_2),
    ('Hidratação', 80.00, '00:40:00', acre_2),
    ('Pintura', 150.00, '01:30:00', acre_2),
    ('Relaxamento', 110.00, '01:00:00', acre_2),
    ('Alisamento', 130.00, '01:30:00', acre_2),
    ('Design de Barba', 50.00, '00:30:00', acre_2),

    ('Corte de Cabelo', 50.00, '00:30:00', acre_3),
    ('Barba', 30.00, '00:20:00', acre_3),
    ('Sobrancelha', 25.00, '00:15:00', acre_3),
    ('Luzes', 120.00, '01:00:00', acre_3),
    ('Tratamento Capilar', 100.00, '00:45:00', acre_3),
    ('Hidratação', 80.00, '00:40:00', acre_3),
    ('Pintura', 150.00, '01:30:00', acre_3),
    ('Relaxamento', 110.00, '01:00:00', acre_3),
    ('Alisamento', 130.00, '01:30:00', acre_3),
    ('Design de Barba', 50.00, '00:30:00', acre_3),

	('Corte de Cabelo', 50.00, '00:30:00', acre_4),
    ('Barba', 30.00, '00:20:00', acre_4),
    ('Sobrancelha', 25.00, '00:15:00', acre_4),
    ('Luzes', 120.00, '01:00:00', acre_4),
    ('Tratamento Capilar', 100.00, '00:45:00', acre_4),
    ('Hidratação', 80.00, '00:40:00', acre_4),
    ('Pintura', 150.00, '01:30:00', acre_4),
    ('Relaxamento', 110.00, '01:00:00', acre_4),
    ('Alisamento', 130.00, '01:30:00', acre_4),
    ('Design de Barba', 50.00, '00:30:00', acre_4),



    -- AL
    ('Corte de Cabelo', 50.00, '00:30:00', alagoas_1),
    ('Barba', 30.00, '00:20:00', alagoas_1),
    ('Sobrancelha', 25.00, '00:15:00', alagoas_1),
    ('Luzes', 120.00, '01:00:00', alagoas_1),
    ('Tratamento Capilar', 100.00, '00:45:00', alagoas_1),
    ('Hidratação', 80.00, '00:40:00', alagoas_1),
    ('Pintura', 150.00, '01:30:00', alagoas_1),
    ('Relaxamento', 110.00, '01:00:00', alagoas_1),
    ('Alisamento', 130.00, '01:30:00', alagoas_1),
    ('Design de Barba', 50.00, '00:30:00', alagoas_1),

	('Corte de Cabelo', 50.00, '00:30:00', alagoas_2),
    ('Barba', 30.00, '00:20:00', alagoas_2),
    ('Sobrancelha', 25.00, '00:15:00', alagoas_2),
    ('Luzes', 120.00, '01:00:00', alagoas_2),
    ('Tratamento Capilar', 100.00, '00:45:00', alagoas_2),
    ('Hidratação', 80.00, '00:40:00', alagoas_2),
    ('Pintura', 150.00, '01:30:00', alagoas_2),
    ('Relaxamento', 110.00, '01:00:00', alagoas_2),
    ('Alisamento', 130.00, '01:30:00', alagoas_2),
    ('Design de Barba', 50.00, '00:30:00', alagoas_2),

	('Corte de Cabelo', 50.00, '00:30:00', alagoas_3),
    ('Barba', 30.00, '00:20:00', alagoas_3),
    ('Sobrancelha', 25.00, '00:15:00', alagoas_3),
    ('Luzes', 120.00, '01:00:00', alagoas_3),
    ('Tratamento Capilar', 100.00, '00:45:00', alagoas_3),
    ('Hidratação', 80.00, '00:40:00', alagoas_3),
    ('Pintura', 150.00, '01:30:00', alagoas_3),
    ('Relaxamento', 110.00, '01:00:00', alagoas_3),
    ('Alisamento', 130.00, '01:30:00', alagoas_3),
    ('Design de Barba', 50.00, '00:30:00', alagoas_3),

  	('Corte de Cabelo', 50.00, '00:30:00', alagoas_4),
    ('Barba', 30.00, '00:20:00', alagoas_4),
    ('Sobrancelha', 25.00, '00:15:00', alagoas_4),
    ('Luzes', 120.00, '01:00:00', alagoas_4),
    ('Tratamento Capilar', 100.00, '00:45:00', alagoas_4),
    ('Hidratação', 80.00, '00:40:00', alagoas_4),
    ('Pintura', 150.00, '01:30:00', alagoas_4),
    ('Relaxamento', 110.00, '01:00:00', alagoas_4),
    ('Alisamento', 130.00, '01:30:00', alagoas_4),
    ('Design de Barba', 50.00, '00:30:00', alagoas_4),


    -- AP
    ('Corte de Cabelo', 50.00, '00:30:00', amapa_1),
    ('Barba', 30.00, '00:20:00', amapa_1),
    ('Sobrancelha', 25.00, '00:15:00', amapa_1),
    ('Luzes', 120.00, '01:00:00', amapa_1),
    ('Tratamento Capilar', 100.00, '00:45:00', amapa_1),
    ('Hidratação', 80.00, '00:40:00', amapa_1),
    ('Pintura', 150.00, '01:30:00', amapa_1),
    ('Relaxamento', 110.00, '01:00:00', amapa_1),
    ('Alisamento', 130.00, '01:30:00', amapa_1),
    ('Design de Barba', 50.00, '00:30:00', amapa_1),

    ('Corte de Cabelo', 50.00, '00:30:00', amapa_2),
    ('Barba', 30.00, '00:20:00', amapa_2),
    ('Sobrancelha', 25.00, '00:15:00', amapa_2),
    ('Luzes', 120.00, '01:00:00', amapa_2),
    ('Tratamento Capilar', 100.00, '00:45:00', amapa_2),
    ('Hidratação', 80.00, '00:40:00', amapa_2),
    ('Pintura', 150.00, '01:30:00', amapa_2),
    ('Relaxamento', 110.00, '01:00:00', amapa_2),
    ('Alisamento', 130.00, '01:30:00', amapa_2),
    ('Design de Barba', 50.00, '00:30:00', amapa_2),

    ('Corte de Cabelo', 50.00, '00:30:00', amapa_3),
    ('Barba', 30.00, '00:20:00', amapa_3),
    ('Sobrancelha', 25.00, '00:15:00', amapa_3),
    ('Luzes', 120.00, '01:00:00', amapa_3),
    ('Tratamento Capilar', 100.00, '00:45:00', amapa_3),
    ('Hidratação', 80.00, '00:40:00', amapa_3),
    ('Pintura', 150.00, '01:30:00', amapa_3),
    ('Relaxamento', 110.00, '01:00:00', amapa_3),
    ('Alisamento', 130.00, '01:30:00', amapa_3),
    ('Design de Barba', 50.00, '00:30:00', amapa_3),

	('Corte de Cabelo', 50.00, '00:30:00', amapa_4),
    ('Barba', 30.00, '00:20:00', amapa_4),
    ('Sobrancelha', 25.00, '00:15:00', amapa_4),
    ('Luzes', 120.00, '01:00:00', amapa_4),
    ('Tratamento Capilar', 100.00, '00:45:00', amapa_4),
    ('Hidratação', 80.00, '00:40:00', amapa_4),
    ('Pintura', 150.00, '01:30:00', amapa_4),
    ('Relaxamento', 110.00, '01:00:00', amapa_4),
    ('Alisamento', 130.00, '01:30:00', amapa_4),
    ('Design de Barba', 50.00, '00:30:00', amapa_4),


    -- AM
    ('Corte de Cabelo', 50.00, '00:30:00', amazonas_1),
    ('Barba', 30.00, '00:20:00', amazonas_1),
    ('Sobrancelha', 25.00, '00:15:00', amazonas_1),
    ('Luzes', 120.00, '01:00:00', amazonas_1),
    ('Tratamento Capilar', 100.00, '00:45:00', amazonas_1),
    ('Hidratação', 80.00, '00:40:00', amazonas_1),
    ('Pintura', 150.00, '01:30:00', amazonas_1),
    ('Relaxamento', 110.00, '01:00:00', amazonas_1),
    ('Alisamento', 130.00, '01:30:00', amazonas_1),
    ('Design de Barba', 50.00, '00:30:00', amazonas_1),
    ('Tratamento Capilar', 100.00, '00:45:00', amazonas_1),
    ('Hidratação', 80.00, '00:40:00', amazonas_1),
    ('Alisamento', 130.00, '01:30:00', amazonas_1),

	('Corte de Cabelo', 50.00, '00:30:00', amazonas_2),
    ('Barba', 30.00, '00:20:00', amazonas_2),
    ('Sobrancelha', 25.00, '00:15:00', amazonas_2),
    ('Luzes', 120.00, '01:00:00', amazonas_2),
    ('Tratamento Capilar', 100.00, '00:45:00', amazonas_2),
    ('Hidratação', 80.00, '00:40:00', amazonas_2),
    ('Pintura', 150.00, '01:30:00', amazonas_2),
    ('Relaxamento', 110.00, '01:00:00', amazonas_2),
    ('Alisamento', 130.00, '01:30:00', amazonas_2),
    ('Design de Barba', 50.00, '00:30:00', amazonas_2),
    ('Tratamento Capilar', 100.00, '00:45:00', amazonas_2),
    ('Hidratação', 80.00, '00:40:00', amazonas_2),
    ('Alisamento', 130.00, '01:30:00', amazonas_2),

	('Corte de Cabelo', 50.00, '00:30:00', amazonas_3),
    ('Barba', 30.00, '00:20:00', amazonas_3),
    ('Sobrancelha', 25.00, '00:15:00', amazonas_3),
    ('Luzes', 120.00, '01:00:00', amazonas_3),
    ('Tratamento Capilar', 100.00, '00:45:00', amazonas_3),
    ('Hidratação', 80.00, '00:40:00', amazonas_3),
    ('Pintura', 150.00, '01:30:00', amazonas_3),
    ('Relaxamento', 110.00, '01:00:00', amazonas_3),
    ('Alisamento', 130.00, '01:30:00', amazonas_3),
    ('Design de Barba', 50.00, '00:30:00', amazonas_3),
    ('Tratamento Capilar', 100.00, '00:45:00', amazonas_3),
    ('Hidratação', 80.00, '00:40:00', amazonas_3),
    ('Alisamento', 130.00, '01:30:00', amazonas_3),

	('Corte de Cabelo', 50.00, '00:30:00', amazonas_4),
    ('Barba', 30.00, '00:20:00', amazonas_4),
    ('Sobrancelha', 25.00, '00:15:00', amazonas_4),
    ('Luzes', 120.00, '01:00:00', amazonas_4),
    ('Tratamento Capilar', 100.00, '00:45:00', amazonas_4),
    ('Hidratação', 80.00, '00:40:00', amazonas_4),
    ('Pintura', 150.00, '01:30:00', amazonas_4),
    ('Relaxamento', 110.00, '01:00:00', amazonas_4),
    ('Alisamento', 130.00, '01:30:00', amazonas_4),
    ('Design de Barba', 50.00, '00:30:00', amazonas_4),
    ('Tratamento Capilar', 100.00, '00:45:00', amazonas_4),
    ('Hidratação', 80.00, '00:40:00', amazonas_4),
    ('Alisamento', 130.00, '01:30:00', amazonas_4),


    -- BA
	('Corte de Cabelo', 50.00, '00:30:00', bahia_1),
    ('Barba', 30.00, '00:20:00', bahia_1),
    ('Sobrancelha', 25.00, '00:15:00', bahia_1),
    ('Luzes', 120.00, '01:00:00', bahia_1),
    ('Tratamento Capilar', 100.00, '00:45:00', bahia_1),
    ('Hidratação', 80.00, '00:40:00', bahia_1),
    ('Pintura', 150.00, '01:30:00', bahia_1),
    ('Relaxamento', 110.00, '01:00:00', bahia_1),
    ('Alisamento', 130.00, '01:30:00', bahia_1),
    ('Design de Barba', 50.00, '00:30:00', bahia_1),
    ('Tratamento Capilar', 100.00, '00:45:00', bahia_1),
    ('Hidratação', 80.00, '00:40:00', bahia_1),
    ('Alisamento', 130.00, '01:30:00', bahia_1),

	('Corte de Cabelo', 50.00, '00:30:00', bahia_2),
    ('Barba', 30.00, '00:20:00', bahia_2),
    ('Sobrancelha', 25.00, '00:15:00', bahia_2),
    ('Luzes', 120.00, '01:00:00', bahia_2),
    ('Tratamento Capilar', 100.00, '00:45:00', bahia_2),
    ('Hidratação', 80.00, '00:40:00', bahia_2),
    ('Pintura', 150.00, '01:30:00', bahia_2),
    ('Relaxamento', 110.00, '01:00:00', bahia_2),
    ('Alisamento', 130.00, '01:30:00', bahia_2),
    ('Design de Barba', 50.00, '00:30:00', bahia_2),
    ('Tratamento Capilar', 100.00, '00:45:00', bahia_2),
    ('Hidratação', 80.00, '00:40:00', bahia_2),
    ('Alisamento', 130.00, '01:30:00', bahia_2),

	('Corte de Cabelo', 50.00, '00:30:00', bahia_3),
    ('Barba', 30.00, '00:20:00', bahia_3),
    ('Sobrancelha', 25.00, '00:15:00', bahia_3),
    ('Luzes', 120.00, '01:00:00', bahia_3),
    ('Tratamento Capilar', 100.00, '00:45:00', bahia_3),
    ('Hidratação', 80.00, '00:40:00', bahia_3),
    ('Pintura', 150.00, '01:30:00', bahia_3),
    ('Relaxamento', 110.00, '01:00:00', bahia_3),
    ('Alisamento', 130.00, '01:30:00', bahia_3),
    ('Design de Barba', 50.00, '00:30:00', bahia_3),
    ('Tratamento Capilar', 100.00, '00:45:00', bahia_3),
    ('Hidratação', 80.00, '00:40:00', bahia_3),
    ('Alisamento', 130.00, '01:30:00', bahia_3),

	('Corte de Cabelo', 50.00, '00:30:00', bahia_4),
    ('Barba', 30.00, '00:20:00', bahia_4),
    ('Sobrancelha', 25.00, '00:15:00', bahia_4),
    ('Luzes', 120.00, '01:00:00', bahia_4),
    ('Tratamento Capilar', 100.00, '00:45:00', bahia_4),
    ('Hidratação', 80.00, '00:40:00', bahia_4),
    ('Pintura', 150.00, '01:30:00', bahia_4),
    ('Relaxamento', 110.00, '01:00:00', bahia_4),
    ('Alisamento', 130.00, '01:30:00', bahia_4),
    ('Design de Barba', 50.00, '00:30:00', bahia_4),
    ('Tratamento Capilar', 100.00, '00:45:00', bahia_4),
    ('Hidratação', 80.00, '00:40:00', bahia_4),
    ('Alisamento', 130.00, '01:30:00', bahia_4),


    -- CE

	('Corte de Cabelo', 50.00, '00:30:00', ceara_1),
    ('Barba', 30.00, '00:20:00', ceara_1),
    ('Sobrancelha', 25.00, '00:15:00', ceara_1),
    ('Luzes', 120.00, '01:00:00', ceara_1),
    ('Tratamento Capilar', 100.00, '00:45:00', ceara_1),
    ('Hidratação', 80.00, '00:40:00', ceara_1),
    ('Pintura', 150.00, '01:30:00', ceara_1),
    ('Relaxamento', 110.00, '01:00:00', ceara_1),
    ('Alisamento', 130.00, '01:30:00', ceara_1),
    ('Design de Barba', 50.00, '00:30:00', ceara_1),
    ('Tratamento Capilar', 100.00, '00:45:00', ceara_1),
    ('Hidratação', 80.00, '00:40:00', ceara_1),
    ('Alisamento', 130.00, '01:30:00', ceara_1),

	('Corte de Cabelo', 50.00, '00:30:00', ceara_2),
    ('Barba', 30.00, '00:20:00', ceara_2),
    ('Sobrancelha', 25.00, '00:15:00', ceara_2),
    ('Luzes', 120.00, '01:00:00', ceara_2),
    ('Tratamento Capilar', 100.00, '00:45:00', ceara_2),
    ('Hidratação', 80.00, '00:40:00', ceara_2),
    ('Pintura', 150.00, '01:30:00', ceara_2),
    ('Relaxamento', 110.00, '01:00:00', ceara_2),
    ('Alisamento', 130.00, '01:30:00', ceara_2),
    ('Design de Barba', 50.00, '00:30:00', ceara_2),
    ('Tratamento Capilar', 100.00, '00:45:00', ceara_2),
    ('Hidratação', 80.00, '00:40:00', ceara_2),
    ('Alisamento', 130.00, '01:30:00', ceara_2),


    ('Corte de Cabelo', 50.00, '00:30:00', ceara_3),
    ('Barba', 30.00, '00:20:00', ceara_3),
    ('Sobrancelha', 25.00, '00:15:00', ceara_3),
    ('Luzes', 120.00, '01:00:00', ceara_3),
    ('Tratamento Capilar', 100.00, '00:45:00', ceara_3),
    ('Hidratação', 80.00, '00:40:00', ceara_3),
    ('Pintura', 150.00, '01:30:00', ceara_3),
    ('Relaxamento', 110.00, '01:00:00', ceara_3),
    ('Alisamento', 130.00, '01:30:00', ceara_3),
    ('Design de Barba', 50.00, '00:30:00', ceara_3),
    ('Tratamento Capilar', 100.00, '00:45:00', ceara_3),
    ('Hidratação', 80.00, '00:40:00', ceara_3),
    ('Alisamento', 130.00, '01:30:00', ceara_3),


	('Corte de Cabelo', 50.00, '00:30:00', ceara_4),
    ('Barba', 30.00, '00:20:00', ceara_4),
    ('Sobrancelha', 25.00, '00:15:00', ceara_4),
    ('Luzes', 120.00, '01:00:00', ceara_4),
    ('Tratamento Capilar', 100.00, '00:45:00', ceara_4),
    ('Hidratação', 80.00, '00:40:00', ceara_4),
    ('Pintura', 150.00, '01:30:00', ceara_4),
    ('Relaxamento', 110.00, '01:00:00', ceara_4),
    ('Alisamento', 130.00, '01:30:00', ceara_4),
    ('Design de Barba', 50.00, '00:30:00', ceara_4),
    ('Tratamento Capilar', 100.00, '00:45:00', ceara_4),
    ('Hidratação', 80.00, '00:40:00', ceara_4),
    ('Alisamento', 130.00, '01:30:00', ceara_4),


	('Corte de Cabelo', 50.00, '00:30:00', ceara_5),
    ('Barba', 30.00, '00:20:00', ceara_5),
    ('Sobrancelha', 25.00, '00:15:00', ceara_5),
    ('Luzes', 120.00, '01:00:00', ceara_5),
    ('Tratamento Capilar', 100.00, '00:45:00', ceara_5),
    ('Hidratação', 80.00, '00:40:00', ceara_5),
    ('Pintura', 150.00, '01:30:00', ceara_5),
    ('Relaxamento', 110.00, '01:00:00', ceara_5),
    ('Alisamento', 130.00, '01:30:00', ceara_5),
    ('Design de Barba', 50.00, '00:30:00', ceara_5),
    ('Tratamento Capilar', 100.00, '00:45:00', ceara_5),
    ('Hidratação', 80.00, '00:40:00', ceara_5),
    ('Alisamento', 130.00, '01:30:00', ceara_5),


	-- DF
	('Corte de Cabelo', 50.00, '00:30:00', brasilia_1),
    ('Barba', 30.00, '00:20:00', brasilia_1),
    ('Sobrancelha', 25.00, '00:15:00', brasilia_1),
    ('Luzes', 120.00, '01:00:00', brasilia_1),
    ('Tratamento Capilar', 100.00, '00:45:00', brasilia_1),
    ('Hidratação', 80.00, '00:40:00', brasilia_1),
    ('Pintura', 150.00, '01:30:00', brasilia_1),
    ('Relaxamento', 110.00, '01:00:00', brasilia_1),
    ('Alisamento', 130.00, '01:30:00', brasilia_1),
    ('Design de Barba', 50.00, '00:30:00', brasilia_1),
    ('Tratamento Capilar', 100.00, '00:45:00', brasilia_1),
    ('Hidratação', 80.00, '00:40:00', brasilia_1),
    ('Alisamento', 130.00, '01:30:00', brasilia_1),

	('Corte de Cabelo', 50.00, '00:30:00', brasilia_2),
    ('Barba', 30.00, '00:20:00', brasilia_2),
    ('Sobrancelha', 25.00, '00:15:00', brasilia_2),
    ('Luzes', 120.00, '01:00:00', brasilia_2),
    ('Tratamento Capilar', 100.00, '00:45:00', brasilia_2),
    ('Hidratação', 80.00, '00:40:00', brasilia_2),
    ('Pintura', 150.00, '01:30:00', brasilia_2),
    ('Relaxamento', 110.00, '01:00:00', brasilia_2),
    ('Alisamento', 130.00, '01:30:00', brasilia_2),
    ('Design de Barba', 50.00, '00:30:00', brasilia_2),
    ('Tratamento Capilar', 100.00, '00:45:00', brasilia_2),
    ('Hidratação', 80.00, '00:40:00', brasilia_2),
    ('Alisamento', 130.00, '01:30:00', brasilia_2),


	-- ES
	('Corte de Cabelo', 50.00, '00:30:00', vitoria_1),
    ('Barba', 30.00, '00:20:00', vitoria_1),
    ('Sobrancelha', 25.00, '00:15:00', vitoria_1),
    ('Luzes', 120.00, '01:00:00', vitoria_1),
    ('Tratamento Capilar', 100.00, '00:45:00', vitoria_1),
    ('Hidratação', 80.00, '00:40:00', vitoria_1),
    ('Pintura', 150.00, '01:30:00', vitoria_1),
    ('Relaxamento', 110.00, '01:00:00', vitoria_1),
    ('Alisamento', 130.00, '01:30:00', vitoria_1),
    ('Design de Barba', 50.00, '00:30:00', vitoria_1),
    ('Tratamento Capilar', 100.00, '00:45:00', vitoria_1),
    ('Hidratação', 80.00, '00:40:00', vitoria_1),
    ('Alisamento', 130.00, '01:30:00', vitoria_1),

	('Corte de Cabelo', 50.00, '00:30:00', vitoria_2),
    ('Barba', 30.00, '00:20:00', vitoria_2),
    ('Sobrancelha', 25.00, '00:15:00', vitoria_2),
    ('Luzes', 120.00, '01:00:00', vitoria_2),
    ('Tratamento Capilar', 100.00, '00:45:00', vitoria_2),
    ('Hidratação', 80.00, '00:40:00', vitoria_2),
    ('Pintura', 150.00, '01:30:00', vitoria_2),
    ('Relaxamento', 110.00, '01:00:00', vitoria_2),
    ('Alisamento', 130.00, '01:30:00', vitoria_2),
    ('Design de Barba', 50.00, '00:30:00', vitoria_2),
    ('Tratamento Capilar', 100.00, '00:45:00', vitoria_2),
    ('Hidratação', 80.00, '00:40:00', vitoria_2),
    ('Alisamento', 130.00, '01:30:00', vitoria_2),


    ('Corte de Cabelo', 50.00, '00:30:00', vila_velha_1),
    ('Barba', 30.00, '00:20:00', vila_velha_1),
    ('Sobrancelha', 25.00, '00:15:00', vila_velha_1),
    ('Luzes', 120.00, '01:00:00', vila_velha_1),
    ('Tratamento Capilar', 100.00, '00:45:00', vila_velha_1),
    ('Hidratação', 80.00, '00:40:00', vila_velha_1),
    ('Pintura', 150.00, '01:30:00', vila_velha_1),
    ('Relaxamento', 110.00, '01:00:00', vila_velha_1),
    ('Alisamento', 130.00, '01:30:00', vila_velha_1),
    ('Design de Barba', 50.00, '00:30:00', vila_velha_1),
    ('Tratamento Capilar', 100.00, '00:45:00', vila_velha_1),
    ('Hidratação', 80.00, '00:40:00', vila_velha_1),
    ('Alisamento', 130.00, '01:30:00', vila_velha_1),

	('Corte de Cabelo', 50.00, '00:30:00', vila_velha_2),
    ('Barba', 30.00, '00:20:00', vila_velha_2),
    ('Sobrancelha', 25.00, '00:15:00', vila_velha_2),
    ('Luzes', 120.00, '01:00:00', vila_velha_2),
    ('Tratamento Capilar', 100.00, '00:45:00', vila_velha_2),
    ('Hidratação', 80.00, '00:40:00', vila_velha_2),
    ('Pintura', 150.00, '01:30:00', vila_velha_2),
    ('Relaxamento', 110.00, '01:00:00', vila_velha_2),
    ('Alisamento', 130.00, '01:30:00', vila_velha_2),
    ('Design de Barba', 50.00, '00:30:00', vila_velha_2),
    ('Tratamento Capilar', 100.00, '00:45:00', vila_velha_2),
    ('Hidratação', 80.00, '00:40:00', vila_velha_2),
    ('Alisamento', 130.00, '01:30:00', vila_velha_2),


    -- GO
	('Corte de Cabelo', 50.00, '00:30:00', goiania_1),
    ('Barba', 30.00, '00:20:00', goiania_1),
    ('Sobrancelha', 25.00, '00:15:00', goiania_1),
    ('Luzes', 120.00, '01:00:00', goiania_1),
    ('Tratamento Capilar', 100.00, '00:45:00', goiania_1),
    ('Hidratação', 80.00, '00:40:00', goiania_1),
    ('Pintura', 150.00, '01:30:00', goiania_1),
    ('Relaxamento', 110.00, '01:00:00', goiania_1),
    ('Alisamento', 130.00, '01:30:00', goiania_1),
    ('Design de Barba', 50.00, '00:30:00', goiania_1),
    ('Tratamento Capilar', 100.00, '00:45:00', goiania_1),
    ('Hidratação', 80.00, '00:40:00', goiania_1),
    ('Alisamento', 130.00, '01:30:00', goiania_1),

	('Corte de Cabelo', 50.00, '00:30:00', goiania_2),
    ('Barba', 30.00, '00:20:00', goiania_2),
    ('Sobrancelha', 25.00, '00:15:00', goiania_2),
    ('Luzes', 120.00, '01:00:00', goiania_2),
    ('Tratamento Capilar', 100.00, '00:45:00', goiania_2),
    ('Hidratação', 80.00, '00:40:00', goiania_2),
    ('Pintura', 150.00, '01:30:00', goiania_2),
    ('Relaxamento', 110.00, '01:00:00', goiania_2),
    ('Alisamento', 130.00, '01:30:00', goiania_2),
    ('Design de Barba', 50.00, '00:30:00', goiania_2),
    ('Tratamento Capilar', 100.00, '00:45:00', goiania_2),
    ('Hidratação', 80.00, '00:40:00', goiania_2),
    ('Alisamento', 130.00, '01:30:00', goiania_2),

	('Corte de Cabelo', 50.00, '00:30:00', ap_goiania_1),
    ('Barba', 30.00, '00:20:00', ap_goiania_1),
    ('Sobrancelha', 25.00, '00:15:00', ap_goiania_1),
    ('Luzes', 120.00, '01:00:00', ap_goiania_1),
    ('Tratamento Capilar', 100.00, '00:45:00', ap_goiania_1),
    ('Hidratação', 80.00, '00:40:00', ap_goiania_1),
    ('Pintura', 150.00, '01:30:00', ap_goiania_1),
    ('Relaxamento', 110.00, '01:00:00', ap_goiania_1),
    ('Alisamento', 130.00, '01:30:00', ap_goiania_1),
    ('Design de Barba', 50.00, '00:30:00', ap_goiania_1),
    ('Tratamento Capilar', 100.00, '00:45:00', ap_goiania_1),
    ('Hidratação', 80.00, '00:40:00', ap_goiania_1),
    ('Alisamento', 130.00, '01:30:00', ap_goiania_1),

	('Corte de Cabelo', 50.00, '00:30:00', anapolis_1),
    ('Barba', 30.00, '00:20:00', anapolis_1),
    ('Sobrancelha', 25.00, '00:15:00', anapolis_1),
    ('Luzes', 120.00, '01:00:00', anapolis_1),
    ('Tratamento Capilar', 100.00, '00:45:00', anapolis_1),
    ('Hidratação', 80.00, '00:40:00', anapolis_1),
    ('Pintura', 150.00, '01:30:00', anapolis_1),
    ('Relaxamento', 110.00, '01:00:00', anapolis_1),
    ('Alisamento', 130.00, '01:30:00', anapolis_1),
    ('Design de Barba', 50.00, '00:30:00', anapolis_1),
    ('Tratamento Capilar', 100.00, '00:45:00', anapolis_1),
    ('Hidratação', 80.00, '00:40:00', anapolis_1),
    ('Alisamento', 130.00, '01:30:00', anapolis_1);
END $$;